{
  "hash": "975e5b19",
  "configHash": "a14f3653",
  "lockfileHash": "7ce6cf55",
  "browserHash": "3d24a483",
  "optimized": {
    "@angular/core": {
      "src": "../../../../../node_modules/@angular/core/fesm2022/core.mjs",
      "file": "@angular_core.js",
      "fileHash": "03c02422",
      "needsInterop": false
    },
    "@angular/platform-browser": {
      "src": "../../../../../node_modules/@angular/platform-browser/fesm2022/platform-browser.mjs",
      "file": "@angular_platform-browser.js",
      "fileHash": "cc797216",
      "needsInterop": false
    },
    "@angular/router": {
      "src": "../../../../../node_modules/@angular/router/fesm2022/router.mjs",
      "file": "@angular_router.js",
      "fileHash": "3b2c7fcb",
      "needsInterop": false
    },
    "@angular/forms": {
      "src": "../../../../../node_modules/@angular/forms/fesm2022/forms.mjs",
      "file": "@angular_forms.js",
      "fileHash": "a17d924b",
      "needsInterop": false
    }
  },
  "chunks": {
    "chunk-AN3VSNPO": {
      "file": "chunk-AN3VSNPO.js"
    },
    "chunk-FJXJ7GQV": {
      "file": "chunk-FJXJ7GQV.js"
    },
    "chunk-S4QKGH5G": {
      "file": "chunk-S4QKGH5G.js"
    }
  }
}