{
  "hash": "afa76c5d",
  "configHash": "01be7e53",
  "lockfileHash": "7e5bade5",
  "browserHash": "9d7a36e5",
  "optimized": {
    "@angular/core": {
      "src": "../../../../../node_modules/@angular/core/fesm2022/core.mjs",
      "file": "@angular_core.js",
      "fileHash": "8a6adcd2",
      "needsInterop": false
    },
    "@angular/platform-browser": {
      "src": "../../../../../node_modules/@angular/platform-browser/fesm2022/platform-browser.mjs",
      "file": "@angular_platform-browser.js",
      "fileHash": "54a52f90",
      "needsInterop": false
    },
    "@angular/router": {
      "src": "../../../../../node_modules/@angular/router/fesm2022/router.mjs",
      "file": "@angular_router.js",
      "fileHash": "d6900f4e",
      "needsInterop": false
    },
    "@angular/forms": {
      "src": "../../../../../node_modules/@angular/forms/fesm2022/forms.mjs",
      "file": "@angular_forms.js",
      "fileHash": "758672f5",
      "needsInterop": false
    },
    "@angular/common": {
      "src": "../../../../../node_modules/@angular/common/fesm2022/common.mjs",
      "file": "@angular_common.js",
      "fileHash": "08157bd8",
      "needsInterop": false
    }
  },
  "chunks": {
    "chunk-AO4VWQY2": {
      "file": "chunk-AO4VWQY2.js"
    },
    "chunk-BVPN6P7B": {
      "file": "chunk-BVPN6P7B.js"
    },
    "chunk-S4QKGH5G": {
      "file": "chunk-S4QKGH5G.js"
    }
  }
}