{
  "hash": "c615c241",
  "configHash": "39d870d6",
  "lockfileHash": "0d2f61c9",
  "browserHash": "ce27b67d",
  "optimized": {
    "@angular/common": {
      "src": "../../../../../node_modules/@angular/common/fesm2022/common.mjs",
      "file": "@angular_common.js",
      "fileHash": "e47fbbf2",
      "needsInterop": false
    },
    "@angular/common/http": {
      "src": "../../../../../node_modules/@angular/common/fesm2022/http.mjs",
      "file": "@angular_common_http.js",
      "fileHash": "4263d5f7",
      "needsInterop": false
    },
    "@angular/core": {
      "src": "../../../../../node_modules/@angular/core/fesm2022/core.mjs",
      "file": "@angular_core.js",
      "fileHash": "ea062c67",
      "needsInterop": false
    },
    "@angular/forms": {
      "src": "../../../../../node_modules/@angular/forms/fesm2022/forms.mjs",
      "file": "@angular_forms.js",
      "fileHash": "626425e4",
      "needsInterop": false
    },
    "@angular/platform-browser": {
      "src": "../../../../../node_modules/@angular/platform-browser/fesm2022/platform-browser.mjs",
      "file": "@angular_platform-browser.js",
      "fileHash": "7969fb34",
      "needsInterop": false
    },
    "@angular/router": {
      "src": "../../../../../node_modules/@angular/router/fesm2022/router.mjs",
      "file": "@angular_router.js",
      "fileHash": "d3ec251b",
      "needsInterop": false
    }
  },
  "chunks": {
    "chunk-NQZXWTCR": {
      "file": "chunk-NQZXWTCR.js"
    },
    "chunk-LHTDDO4X": {
      "file": "chunk-LHTDDO4X.js"
    },
    "chunk-CVLI7GHA": {
      "file": "chunk-CVLI7GHA.js"
    },
    "chunk-P6BN7I6E": {
      "file": "chunk-P6BN7I6E.js"
    }
  }
}